"Model","RMSE","MAE"
"Multiple Linear Regression",33.2781543629718,27.2788077853038
"Lasso Regression",33.0894672757877,27.2998401506963
"Random Forest",32.4722694666102,27.6605584448052
